"trainer/global_step","cnn__medium__l1__True - _step","cnn__medium__l1__True - _step__MIN","cnn__medium__l1__True - _step__MAX","cnn__medium__l1__True - train_loss_step","cnn__medium__l1__True - train_loss_step__MIN","cnn__medium__l1__True - train_loss_step__MAX","cnn__large__l1__True - _step","cnn__large__l1__True - _step__MIN","cnn__large__l1__True - _step__MAX","cnn__large__l1__True - train_loss_step","cnn__large__l1__True - train_loss_step__MIN","cnn__large__l1__True - train_loss_step__MAX","cnn__small__l1__True - _step","cnn__small__l1__True - _step__MIN","cnn__small__l1__True - _step__MAX","cnn__small__l1__True - train_loss_step","cnn__small__l1__True - train_loss_step__MIN","cnn__small__l1__True - train_loss_step__MAX","cnn__expanded__l1__True - _step","cnn__expanded__l1__True - _step__MIN","cnn__expanded__l1__True - _step__MAX","cnn__expanded__l1__True - train_loss_step","cnn__expanded__l1__True - train_loss_step__MIN","cnn__expanded__l1__True - train_loss_step__MAX","cnn__lightweight__l1__True - _step","cnn__lightweight__l1__True - _step__MIN","cnn__lightweight__l1__True - _step__MAX","cnn__lightweight__l1__True - train_loss_step","cnn__lightweight__l1__True - train_loss_step__MIN","cnn__lightweight__l1__True - train_loss_step__MAX"
"99","0","0","0","0.10498046875","0.0611572265625","0.1488037109375","0","0","0","0.061614990234375","0.061614990234375","0.061614990234375","0","0","0","0.187957763671875","0.07977294921875","0.296142578125","0","0","0","0.09454345703125","0.09454345703125","0.09454345703125","0","0","0","0.187255859375","0.1600341796875","0.2144775390625"
"199","1","1","1","0.110137939453125","0.10162353515625","0.11865234375","1","1","1","0.052215576171875","0.052215576171875","0.052215576171875","1","1","1","0.088043212890625","0.0653076171875","0.11077880859375","1","1","1","0.056640625","0.056640625","0.056640625","1","1","1","0.096405029296875","0.08929443359375","0.103515625"
"299","2","2","2","0.0618896484375","0.06011962890625","0.06365966796875","2","2","2","0.036224365234375","0.036224365234375","0.036224365234375","2","2","2","0.074737548828125","0.07330322265625","0.076171875","2","2","2","0.041229248046875","0.041229248046875","0.041229248046875","2","2","2","0.1061248779296875","0.052337646484375","0.159912109375"
"399","3","3","3","0.08050537109375","0.0538330078125","0.107177734375","3","3","3","0.0285491943359375","0.0285491943359375","0.0285491943359375","3","3","3","0.053070068359375","0.050628662109375","0.055511474609375","3","3","3","0.046539306640625","0.046539306640625","0.046539306640625","3","3","3","0.07012939453125","0.068603515625","0.0716552734375"
"499","4","4","4","0.040008544921875","0.037628173828125","0.042388916015625","4","4","4","0.0140838623046875","0.0140838623046875","0.0140838623046875","4","4","4","0.0609283447265625","0.048736572265625","0.0731201171875","4","4","4","0.053436279296875","0.053436279296875","0.053436279296875","4","4","4","0.05230712890625","0.051849365234375","0.052764892578125"
"599","5","5","5","0.038116455078125","0.036590576171875","0.039642333984375","5","5","5","0.01515960693359375","0.01515960693359375","0.01515960693359375","5","5","5","0.0471649169921875","0.0413818359375","0.052947998046875","5","5","5","0.027801513671875","0.027801513671875","0.027801513671875","5","5","5","0.057281494140625","0.05206298828125","0.0625"
"699","6","6","6","0.037200927734375","0.0343017578125","0.04010009765625","6","6","6","0.0180816650390625","0.0180816650390625","0.0180816650390625","6","6","6","0.0558319091796875","0.0531005859375","0.058563232421875","6","6","6","0.01552581787109375","0.01552581787109375","0.01552581787109375","6","6","6","0.0623931884765625","0.059783935546875","0.06500244140625"
"799","7","7","7","0.029815673828125","0.0288238525390625","0.0308074951171875","7","7","7","0.0184326171875","0.0184326171875","0.0184326171875","7","7","7","0.0479278564453125","0.0418701171875","0.053985595703125","7","7","7","0.0220794677734375","0.0220794677734375","0.0220794677734375","7","7","7","0.0661773681640625","0.059173583984375","0.07318115234375"
"899","8","8","8","0.022674560546875","0.0171661376953125","0.0281829833984375","8","8","8","0.0185699462890625","0.0185699462890625","0.0185699462890625","8","8","8","0.04266357421875","0.03961181640625","0.04571533203125","8","8","8","0.017303466796875","0.017303466796875","0.017303466796875","8","8","8","0.0616455078125","0.059326171875","0.06396484375"
"999","9","9","9","0.03002166748046875","0.0209808349609375","0.0390625","9","9","9","0.020263671875","0.020263671875","0.020263671875","9","9","9","0.03553009033203125","0.0246734619140625","0.04638671875","9","9","9","0.0171661376953125","0.0171661376953125","0.0171661376953125","9","9","9","0.045867919921875","0.0455322265625","0.04620361328125"
"1099","10","10","10","0.016269683837890625","0.01233673095703125","0.02020263671875","10","10","10","0.0142974853515625","0.0142974853515625","0.0142974853515625","10","10","10","0.0349273681640625","0.0257568359375","0.044097900390625","10","10","10","0.019317626953125","0.019317626953125","0.019317626953125","10","10","10","0.053375244140625","0.04583740234375","0.0609130859375"
"1199","11","11","11","0.014923095703125","0.012603759765625","0.017242431640625","11","11","11","0.0205535888671875","0.0205535888671875","0.0205535888671875","11","11","11","0.0307769775390625","0.02667236328125","0.034881591796875","11","11","11","0.0167999267578125","0.0167999267578125","0.0167999267578125","11","11","11","0.049285888671875","0.043487548828125","0.055084228515625"
"1299","12","12","12","0.026763916015625","0.0235748291015625","0.0299530029296875","12","12","12","0.01434326171875","0.01434326171875","0.01434326171875","12","12","12","0.026275634765625","0.0205078125","0.03204345703125","12","12","12","0.0161895751953125","0.0161895751953125","0.0161895751953125","12","12","12","0.044281005859375","0.039947509765625","0.048614501953125"
"1399","13","13","13","0.01865386962890625","0.016632080078125","0.0206756591796875","13","13","13","0.013458251953125","0.013458251953125","0.013458251953125","13","13","13","0.02854156494140625","0.027252197265625","0.0298309326171875","13","13","13","0.016265869140625","0.016265869140625","0.016265869140625","13","13","13","0.0507354736328125","0.04315185546875","0.058319091796875"
"1499","14","14","14","0.02082061767578125","0.01885986328125","0.0227813720703125","14","14","14","0.01508331298828125","0.01508331298828125","0.01508331298828125","14","14","14","0.024658203125","0.022216796875","0.027099609375","14","14","14","0.037689208984375","0.037689208984375","0.037689208984375","14","14","14","0.055450439453125","0.047607421875","0.06329345703125"
"1599","15","15","15","0.01821136474609375","0.0141754150390625","0.022247314453125","15","15","15","0.0107269287109375","0.0107269287109375","0.0107269287109375","15","15","15","0.02390289306640625","0.01953125","0.0282745361328125","15","15","15","0.01519775390625","0.01519775390625","0.01519775390625","15","15","15","0.047149658203125","0.038177490234375","0.056121826171875"
"1699","16","16","16","0.015796661376953125","0.01116180419921875","0.0204315185546875","16","16","16","0.01392364501953125","0.01392364501953125","0.01392364501953125","16","16","16","0.018993377685546875","0.01357269287109375","0.0244140625","16","16","16","0.020111083984375","0.020111083984375","0.020111083984375","16","16","16","0.04791259765625","0.0457763671875","0.050048828125"
"1799","17","17","17","0.01419830322265625","0.0134429931640625","0.01495361328125","17","17","17","0.01056671142578125","0.01056671142578125","0.01056671142578125","17","17","17","0.01706695556640625","0.01422119140625","0.0199127197265625","17","17","17","0.01727294921875","0.01727294921875","0.01727294921875","17","17","17","0.0394439697265625","0.036834716796875","0.04205322265625"
"1899","18","18","18","0.015106201171875","0.0123138427734375","0.0178985595703125","18","18","18","0.016876220703125","0.016876220703125","0.016876220703125","18","18","18","0.01384735107421875","0.0111236572265625","0.016571044921875","18","18","18","0.015625","0.015625","0.015625","18","18","18","0.04595947265625","0.041412353515625","0.050506591796875"
"1999","19","19","19","0.0163116455078125","0.010345458984375","0.02227783203125","19","19","19","0.01204681396484375","0.01204681396484375","0.01204681396484375","19","19","19","0.015621185302734375","0.01483917236328125","0.0164031982421875","19","19","19","0.01348876953125","0.01348876953125","0.01348876953125","19","19","19","0.0439453125","0.039642333984375","0.048248291015625"
"2099","20","20","20","0.017269134521484375","0.01320648193359375","0.021331787109375","20","20","20","0.011993408203125","0.011993408203125","0.011993408203125","20","20","20","0.017822265625","0.0155792236328125","0.0200653076171875","20","20","20","0.01320648193359375","0.01320648193359375","0.01320648193359375","20","20","20","0.0415191650390625","0.039886474609375","0.04315185546875"
"2199","21","21","21","0.0176239013671875","0.01666259765625","0.018585205078125","21","21","21","0.0140380859375","0.0140380859375","0.0140380859375","21","21","21","0.016632080078125","0.0162200927734375","0.0170440673828125","21","21","21","0.0188751220703125","0.0188751220703125","0.0188751220703125","21","21","21","0.03095245361328125","0.0300140380859375","0.031890869140625"
"2299","22","22","22","0.012393951416015625","0.01120758056640625","0.013580322265625","22","22","22","0.01549530029296875","0.01549530029296875","0.01549530029296875","22","22","22","0.0189666748046875","0.015411376953125","0.02252197265625","22","22","22","0.0165252685546875","0.0165252685546875","0.0165252685546875","22","22","22","0.035430908203125","0.03167724609375","0.0391845703125"
"2399","24","24","24","0.013851165771484375","0.0130462646484375","0.01465606689453125","24","24","24","0.0149078369140625","0.0149078369140625","0.0149078369140625","24","24","24","0.01947784423828125","0.0176849365234375","0.021270751953125","24","24","24","0.02789306640625","0.02789306640625","0.02789306640625","24","24","24","0.02783966064453125","0.0270538330078125","0.02862548828125"
"2499","25","25","25","0.01551055908203125","0.0113525390625","0.0196685791015625","25","25","25","0.0189208984375","0.0189208984375","0.0189208984375","25","25","25","0.015628814697265625","0.01529693603515625","0.015960693359375","25","25","25","0.024993896484375","0.024993896484375","0.024993896484375","25","25","25","0.0305328369140625","0.02313232421875","0.037933349609375"
"2599","26","26","26","0.014385223388671875","0.01039886474609375","0.01837158203125","26","26","26","0.014312744140625","0.014312744140625","0.014312744140625","26","26","26","0.0172119140625","0.0149383544921875","0.0194854736328125","26","26","26","0.0159759521484375","0.0159759521484375","0.0159759521484375","26","26","26","0.0317535400390625","0.022796630859375","0.04071044921875"
"2699","27","27","27","0.015766143798828125","0.01491546630859375","0.0166168212890625","27","27","27","0.0131988525390625","0.0131988525390625","0.0131988525390625","27","27","27","0.011196136474609375","0.0110015869140625","0.01139068603515625","27","27","27","0.021881103515625","0.021881103515625","0.021881103515625","27","27","27","0.02974700927734375","0.0218658447265625","0.037628173828125"
"2799","28","28","28","0.012798309326171875","0.00920867919921875","0.016387939453125","28","28","28","0.0106048583984375","0.0106048583984375","0.0106048583984375","28","28","28","0.016204833984375","0.01519775390625","0.0172119140625","28","28","28","0.0214996337890625","0.0214996337890625","0.0214996337890625","28","28","28","0.02855682373046875","0.0157623291015625","0.041351318359375"
"2899","29","29","29","0.013885498046875","0.012542724609375","0.015228271484375","29","29","29","0.01000213623046875","0.01000213623046875","0.01000213623046875","29","29","29","0.01773834228515625","0.0167388916015625","0.01873779296875","29","29","29","0.010833740234375","0.010833740234375","0.010833740234375","29","29","29","0.02597808837890625","0.0150604248046875","0.036895751953125"
"2999","30","30","30","0.01979827880859375","0.0126495361328125","0.026947021484375","30","30","30","0.01274871826171875","0.01274871826171875","0.01274871826171875","30","30","30","0.01705169677734375","0.0145416259765625","0.019561767578125","30","30","30","0.0183563232421875","0.0183563232421875","0.0183563232421875","30","30","30","0.0252685546875","0.020782470703125","0.029754638671875"
"3099","31","31","31","0.01573944091796875","0.01458740234375","0.0168914794921875","31","31","31","0.0126953125","0.0126953125","0.0126953125","31","31","31","0.0177764892578125","0.0170135498046875","0.0185394287109375","31","31","31","0.0096435546875","0.0096435546875","0.0096435546875","31","31","31","0.02194976806640625","0.0150146484375","0.0288848876953125"
"3199","32","32","32","0.01744842529296875","0.017120361328125","0.0177764892578125","32","32","32","0.01161956787109375","0.01161956787109375","0.01161956787109375","32","32","32","0.021270751953125","0.0171966552734375","0.0253448486328125","32","32","32","0.0106353759765625","0.0106353759765625","0.0106353759765625","32","32","32","0.017730712890625","0.0146331787109375","0.0208282470703125"
"3299","33","33","33","0.01972198486328125","0.0126495361328125","0.02679443359375","33","33","33","0.01326751708984375","0.01326751708984375","0.01326751708984375","33","33","33","0.015102386474609375","0.01296234130859375","0.017242431640625","33","33","33","0.01148223876953125","0.01148223876953125","0.01148223876953125","33","33","33","0.0235748291015625","0.02215576171875","0.024993896484375"
"3399","34","34","34","0.015468597412109375","0.01522064208984375","0.015716552734375","34","34","34","0.012237548828125","0.012237548828125","0.012237548828125","34","34","34","0.017154693603515625","0.01134490966796875","0.0229644775390625","34","34","34","0.01198577880859375","0.01198577880859375","0.01198577880859375","34","34","34","0.01776123046875","0.013519287109375","0.022003173828125"
"3499","35","35","35","0.0170135498046875","0.0155792236328125","0.0184478759765625","35","35","35","0.015045166015625","0.015045166015625","0.015045166015625","35","35","35","0.012256622314453125","0.01100921630859375","0.0135040283203125","35","35","35","0.0152587890625","0.0152587890625","0.0152587890625","35","35","35","0.01798248291015625","0.0174713134765625","0.01849365234375"
"3599","36","36","36","0.010501861572265625","0.00852203369140625","0.012481689453125","36","36","36","0.0182342529296875","0.0182342529296875","0.0182342529296875","36","36","36","0.0169219970703125","0.015838623046875","0.01800537109375","36","36","36","0.01122283935546875","0.01122283935546875","0.01122283935546875","36","36","36","0.02072906494140625","0.0195770263671875","0.021881103515625"
"3699","37","37","37","0.014461517333984375","0.01128387451171875","0.01763916015625","37","37","37","0.01058197021484375","0.01058197021484375","0.01058197021484375","37","37","37","0.016544342041015625","0.01320648193359375","0.0198822021484375","37","37","37","0.01306915283203125","0.01306915283203125","0.01306915283203125","37","37","37","0.018829345703125","0.017120361328125","0.020538330078125"
"3799","38","38","38","0.013187408447265625","0.0130157470703125","0.01335906982421875","38","38","38","0.00928497314453125","0.00928497314453125","0.00928497314453125","38","38","38","0.01554107666015625","0.0143280029296875","0.016754150390625","38","38","38","0.0110931396484375","0.0110931396484375","0.0110931396484375","38","38","38","0.01769256591796875","0.01763916015625","0.0177459716796875"
"3899","39","39","39","0.01371002197265625","0.009246826171875","0.0181732177734375","39","39","39","0.01035308837890625","0.01035308837890625","0.01035308837890625","39","39","39","0.01853179931640625","0.0182647705078125","0.018798828125","39","39","39","0.01441192626953125","0.01441192626953125","0.01441192626953125","39","39","39","0.017154693603515625","0.01459503173828125","0.01971435546875"
"3999","40","40","40","0.01776123046875","0.0173187255859375","0.0182037353515625","40","40","40","0.009552001953125","0.009552001953125","0.009552001953125","40","40","40","0.0132293701171875","0.0117645263671875","0.0146942138671875","40","40","40","0.01187896728515625","0.01187896728515625","0.01187896728515625","40","40","40","0.0209808349609375","0.0156097412109375","0.0263519287109375"
"4099","41","41","41","0.017791748046875","0.0158538818359375","0.0197296142578125","41","41","41","0.008636474609375","0.008636474609375","0.008636474609375","41","41","41","0.0184783935546875","0.016387939453125","0.02056884765625","41","41","41","0.00975799560546875","0.00975799560546875","0.00975799560546875","41","41","41","0.01265716552734375","0.01235198974609375","0.01296234130859375"
"4199","42","42","42","0.0147552490234375","0.01464080810546875","0.01486968994140625","42","42","42","0.00921630859375","0.00921630859375","0.00921630859375","42","42","42","0.013034820556640625","0.0118255615234375","0.01424407958984375","42","42","42","0.010589599609375","0.010589599609375","0.010589599609375","42","42","42","0.019107818603515625","0.01340484619140625","0.024810791015625"
"4299","43","43","43","0.014476776123046875","0.01300811767578125","0.0159454345703125","43","43","43","0.00872802734375","0.00872802734375","0.00872802734375","43","43","43","0.01613616943359375","0.01580810546875","0.0164642333984375","43","43","43","0.01139068603515625","0.01139068603515625","0.01139068603515625","43","43","43","0.0185699462890625","0.0164337158203125","0.0207061767578125"
"4399","44","44","44","0.01934051513671875","0.0176544189453125","0.021026611328125","44","44","44","0.01142120361328125","0.01142120361328125","0.01142120361328125","44","44","44","0.01795196533203125","0.0160980224609375","0.019805908203125","44","44","44","0.01302337646484375","0.01302337646484375","0.01302337646484375","44","44","44","0.02048492431640625","0.017333984375","0.0236358642578125"
"4499","45","45","45","0.01035308837890625","0.0101318359375","0.0105743408203125","45","45","45","0.01160430908203125","0.01160430908203125","0.01160430908203125","45","45","45","0.01975250244140625","0.01611328125","0.0233917236328125","45","45","45","0.0085906982421875","0.0085906982421875","0.0085906982421875","45","45","45","0.0139617919921875","0.01322174072265625","0.01470184326171875"
"4599","46","46","46","0.01807403564453125","0.0176849365234375","0.018463134765625","46","46","46","0.013458251953125","0.013458251953125","0.013458251953125","46","46","46","0.013103485107421875","0.0128173828125","0.01338958740234375","46","46","46","0.01074981689453125","0.01074981689453125","0.01074981689453125","46","46","46","0.01732635498046875","0.0167083740234375","0.0179443359375"
"4699","48","48","48","0.01375579833984375","0.0104522705078125","0.017059326171875","48","48","48","0.010955810546875","0.010955810546875","0.010955810546875","48","48","48","0.015857696533203125","0.01158905029296875","0.0201263427734375","48","48","48","0.01291656494140625","0.01291656494140625","0.01291656494140625","48","48","48","0.01715087890625","0.01678466796875","0.01751708984375"
"4799","49","49","49","0.01337432861328125","0.008544921875","0.0182037353515625","49","49","49","0.00809478759765625","0.00809478759765625","0.00809478759765625","49","49","49","0.0146026611328125","0.0130767822265625","0.0161285400390625","49","49","49","0.009063720703125","0.009063720703125","0.009063720703125","49","49","49","0.01674652099609375","0.0162353515625","0.0172576904296875"
"4899","50","50","50","0.014247894287109375","0.01397705078125","0.01451873779296875","50","50","50","0.010406494140625","0.010406494140625","0.010406494140625","50","50","50","0.0170440673828125","0.0154571533203125","0.0186309814453125","50","50","50","0.0091705322265625","0.0091705322265625","0.0091705322265625","50","50","50","0.02216339111328125","0.0210418701171875","0.023284912109375"
"4999","51","51","51","0.015064239501953125","0.01407623291015625","0.01605224609375","51","51","51","0.00873565673828125","0.00873565673828125","0.00873565673828125","51","51","51","0.0171051025390625","0.0166473388671875","0.0175628662109375","51","51","51","0.00965118408203125","0.00965118408203125","0.00965118408203125","51","51","51","0.01805877685546875","0.0170440673828125","0.019073486328125"
"5099","52","52","52","0.01210784912109375","0.0079345703125","0.0162811279296875","52","52","52","0.011016845703125","0.011016845703125","0.011016845703125","52","52","52","0.0159759521484375","0.0120391845703125","0.0199127197265625","52","52","52","0.0095367431640625","0.0095367431640625","0.0095367431640625","52","52","52","0.018096923828125","0.016693115234375","0.019500732421875"
"5199","53","53","53","0.01180267333984375","0.0112152099609375","0.01239013671875","53","53","53","0.00988006591796875","0.00988006591796875","0.00988006591796875","53","53","53","0.013744354248046875","0.013397216796875","0.01409149169921875","53","53","53","0.01506805419921875","0.01506805419921875","0.01506805419921875","53","53","53","0.016315460205078125","0.01149749755859375","0.0211334228515625"
"5299","54","54","54","0.01251983642578125","0.012115478515625","0.0129241943359375","54","54","54","0.011260986328125","0.011260986328125","0.011260986328125","54","54","54","0.013950347900390625","0.0129547119140625","0.01494598388671875","54","54","54","0.00919342041015625","0.00919342041015625","0.00919342041015625","54","54","54","0.01676177978515625","0.014495849609375","0.0190277099609375"
"5399","55","55","55","0.014556884765625","0.013336181640625","0.015777587890625","55","55","55","0.00804901123046875","0.00804901123046875","0.00804901123046875","55","55","55","0.015369415283203125","0.01111602783203125","0.019622802734375","55","55","55","0.01129150390625","0.01129150390625","0.01129150390625","55","55","55","0.018260955810546875","0.01299285888671875","0.023529052734375"
"5499","56","56","56","0.013408660888671875","0.011688232421875","0.01512908935546875","56","56","56","0.01067352294921875","0.01067352294921875","0.01067352294921875","56","56","56","0.016193389892578125","0.01502227783203125","0.017364501953125","56","56","56","0.0104522705078125","0.0104522705078125","0.0104522705078125","56","56","56","0.0173797607421875","0.0106201171875","0.024139404296875"
"5599","57","57","57","0.014308929443359375","0.01418304443359375","0.014434814453125","57","57","57","0.01238250732421875","0.01238250732421875","0.01238250732421875","57","57","57","0.014835357666015625","0.01348114013671875","0.0161895751953125","57","57","57","0.0115966796875","0.0115966796875","0.0115966796875","57","57","57","0.0205841064453125","0.0173797607421875","0.0237884521484375"
"5699","58","58","58","0.012889862060546875","0.01224517822265625","0.0135345458984375","58","58","58","0.01226806640625","0.01226806640625","0.01226806640625","58","58","58","0.0186309814453125","0.015380859375","0.021881103515625","58","58","58","0.010406494140625","0.010406494140625","0.010406494140625","58","58","58","0.01943206787109375","0.017486572265625","0.0213775634765625"
"5799","59","59","59","0.011016845703125","0.00933837890625","0.0126953125","59","59","59","0.01239776611328125","0.01239776611328125","0.01239776611328125","59","59","59","0.013607025146484375","0.0131988525390625","0.01401519775390625","59","59","59","0.0101318359375","0.0101318359375","0.0101318359375","59","59","59","0.012847900390625","0.01184844970703125","0.01384735107421875"
"5899","60","60","60","0.010162353515625","0.009552001953125","0.010772705078125","60","60","60","0.010528564453125","0.010528564453125","0.010528564453125","60","60","60","0.014942169189453125","0.01458740234375","0.01529693603515625","60","60","60","0.01015472412109375","0.01015472412109375","0.01015472412109375","60","60","60","0.014362335205078125","0.0132598876953125","0.01546478271484375"
"5999","61","61","61","0.011341094970703125","0.008514404296875","0.01416778564453125","61","61","61","0.00927734375","0.00927734375","0.00927734375","61","61","61","0.0123748779296875","0.00860595703125","0.016143798828125","61","61","61","0.0119171142578125","0.0119171142578125","0.0119171142578125","61","61","61","0.016017913818359375","0.01506805419921875","0.0169677734375"
"6099","62","62","62","0.011928558349609375","0.0117645263671875","0.01209259033203125","62","62","62","0.012298583984375","0.012298583984375","0.012298583984375","62","62","62","0.011447906494140625","0.0106048583984375","0.01229095458984375","62","62","62","0.01000213623046875","0.01000213623046875","0.01000213623046875","62","62","62","0.013896942138671875","0.01222991943359375","0.01556396484375"
"6199","63","63","63","0.015377044677734375","0.01161956787109375","0.019134521484375","63","63","63","0.0086212158203125","0.0086212158203125","0.0086212158203125","63","63","63","0.011383056640625","0.01015472412109375","0.01261138916015625","63","63","63","0.00724029541015625","0.00724029541015625","0.00724029541015625","63","63","63","0.014865875244140625","0.01262664794921875","0.0171051025390625"
"6299","64","64","64","0.013309478759765625","0.00891876220703125","0.0177001953125","64","64","64","0.0110626220703125","0.0110626220703125","0.0110626220703125","64","64","64","0.0114288330078125","0.00974273681640625","0.01311492919921875","64","64","64","0.0095977783203125","0.0095977783203125","0.0095977783203125","64","64","64","0.01689910888671875","0.0159454345703125","0.017852783203125"
"6399","65","65","65","0.0112152099609375","0.01021575927734375","0.01221466064453125","65","65","65","0.00970458984375","0.00970458984375","0.00970458984375","65","65","65","0.0125885009765625","0.0117950439453125","0.0133819580078125","65","65","65","0.00934600830078125","0.00934600830078125","0.00934600830078125","65","65","65","0.013652801513671875","0.0127716064453125","0.01453399658203125"
"6499","66","66","66","0.010074615478515625","0.00980377197265625","0.010345458984375","66","66","66","0.0099334716796875","0.0099334716796875","0.0099334716796875","66","66","66","0.012928009033203125","0.01165771484375","0.01419830322265625","66","66","66","0.0102691650390625","0.0102691650390625","0.0102691650390625","66","66","66","0.016170501708984375","0.01406097412109375","0.018280029296875"
"6599","67","67","67","0.01515960693359375","0.01507568359375","0.0152435302734375","67","67","67","0.007801055908203125","0.007801055908203125","0.007801055908203125","67","67","67","0.01126861572265625","0.0108489990234375","0.011688232421875","67","67","67","0.01025390625","0.01025390625","0.01025390625","67","67","67","0.0133209228515625","0.011260986328125","0.015380859375"
"6699","68","68","68","0.0120391845703125","0.01056671142578125","0.01351165771484375","68","68","68","0.012939453125","0.012939453125","0.012939453125","68","68","68","0.0129547119140625","0.01239776611328125","0.01351165771484375","68","68","68","0.01125335693359375","0.01125335693359375","0.01125335693359375","68","68","68","0.012989044189453125","0.011627197265625","0.01435089111328125"
"6799","69","69","69","0.010433197021484375","0.009429931640625","0.01143646240234375","69","69","69","0.00658416748046875","0.00658416748046875","0.00658416748046875","69","69","69","0.014404296875","0.01371002197265625","0.01509857177734375","69","69","69","0.01282501220703125","0.01282501220703125","0.01282501220703125","69","69","69","0.0187225341796875","0.018646240234375","0.018798828125"
"6899","70","70","70","0.0108795166015625","0.01036834716796875","0.01139068603515625","70","70","70","0.00992584228515625","0.00992584228515625","0.00992584228515625","70","70","70","0.009860992431640625","0.00940704345703125","0.01031494140625","70","70","70","0.01009368896484375","0.01009368896484375","0.01009368896484375","70","70","70","0.013980865478515625","0.01357269287109375","0.0143890380859375"
"6999","71","71","71","0.014003753662109375","0.0124969482421875","0.01551055908203125","71","71","71","0.01186370849609375","0.01186370849609375","0.01186370849609375","71","71","71","0.016178131103515625","0.01555633544921875","0.0167999267578125","71","71","71","0.0123291015625","0.0123291015625","0.0123291015625","71","71","71","0.01971435546875","0.0174407958984375","0.0219879150390625"
"7099","73","73","73","0.010662078857421875","0.00997161865234375","0.0113525390625","73","73","73","0.007659912109375","0.007659912109375","0.007659912109375","73","73","73","0.01274871826171875","0.0125274658203125","0.012969970703125","73","73","73","0.0138397216796875","0.0138397216796875","0.0138397216796875","73","73","73","0.01905059814453125","0.016632080078125","0.0214691162109375"
"7199","74","74","74","0.013591766357421875","0.01323699951171875","0.013946533203125","74","74","74","0.012603759765625","0.012603759765625","0.012603759765625","74","74","74","0.013126373291015625","0.011322021484375","0.01493072509765625","74","74","74","0.01154327392578125","0.01154327392578125","0.01154327392578125","74","74","74","0.014385223388671875","0.01413726806640625","0.0146331787109375"
"7299","75","75","75","0.01397705078125","0.0120086669921875","0.0159454345703125","75","75","75","0.0055999755859375","0.0055999755859375","0.0055999755859375","75","75","75","0.009311676025390625","0.0075836181640625","0.01103973388671875","75","75","75","0.01061248779296875","0.01061248779296875","0.01061248779296875","75","75","75","0.016452789306640625","0.01534271240234375","0.0175628662109375"
"7399","76","76","76","0.011569976806640625","0.00917816162109375","0.0139617919921875","76","76","76","0.00960540771484375","0.00960540771484375","0.00960540771484375","76","76","76","0.01165008544921875","0.01160430908203125","0.01169586181640625","76","76","76","0.01181793212890625","0.01181793212890625","0.01181793212890625","76","76","76","0.017486572265625","0.01434326171875","0.0206298828125"
"7499","77","77","77","0.0116729736328125","0.0104522705078125","0.0128936767578125","77","77","77","0.00792694091796875","0.00792694091796875","0.00792694091796875","77","77","77","0.011981964111328125","0.00861358642578125","0.015350341796875","77","77","77","0.0110931396484375","0.0110931396484375","0.0110931396484375","77","77","77","0.013683319091796875","0.00801849365234375","0.01934814453125"
"7599","78","78","78","0.01160430908203125","0.010589599609375","0.0126190185546875","78","78","78","0.0085906982421875","0.0085906982421875","0.0085906982421875","78","78","78","0.011325836181640625","0.0090484619140625","0.01360321044921875","78","78","78","0.01137542724609375","0.01137542724609375","0.01137542724609375","78","78","78","0.015838623046875","0.0131378173828125","0.0185394287109375"
"7699","79","79","79","0.01119232177734375","0.01001739501953125","0.01236724853515625","79","79","79","0.0084075927734375","0.0084075927734375","0.0084075927734375","79","79","79","0.0118408203125","0.0115814208984375","0.0121002197265625","79","79","79","0.01103973388671875","0.01103973388671875","0.01103973388671875","79","79","79","0.01604461669921875","0.015960693359375","0.0161285400390625"
"7799","80","80","80","0.009960174560546875","0.00951385498046875","0.010406494140625","80","80","80","0.009429931640625","0.009429931640625","0.009429931640625","80","80","80","0.014919281005859375","0.01386260986328125","0.0159759521484375","80","80","80","0.007228851318359375","0.007228851318359375","0.007228851318359375","80","80","80","0.01975250244140625","0.0179595947265625","0.02154541015625"
"7899","81","81","81","0.010890960693359375","0.0097198486328125","0.01206207275390625","81","81","81","0.009368896484375","0.009368896484375","0.009368896484375","81","81","81","0.012237548828125","0.0109100341796875","0.0135650634765625","81","81","81","0.01212310791015625","0.01212310791015625","0.01212310791015625","81","81","81","0.013671875","0.01348114013671875","0.01386260986328125"
"7999","82","82","82","0.01003265380859375","0.00811004638671875","0.01195526123046875","82","82","82","0.006435394287109375","0.006435394287109375","0.006435394287109375","82","82","82","0.011974334716796875","0.01004791259765625","0.0139007568359375","82","82","82","0.008758544921875","0.008758544921875","0.008758544921875","82","82","82","0.014125823974609375","0.01084136962890625","0.0174102783203125"
"8099","83","83","83","0.013835906982421875","0.01277923583984375","0.014892578125","83","83","83","0.00850677490234375","0.00850677490234375","0.00850677490234375","83","83","83","0.01117706298828125","0.00981903076171875","0.01253509521484375","83","83","83","0.0104217529296875","0.0104217529296875","0.0104217529296875","83","83","83","0.0213623046875","0.0158843994140625","0.0268402099609375"
"8199","84","84","84","0.009212493896484375","0.0085601806640625","0.00986480712890625","84","84","84","0.00849151611328125","0.00849151611328125","0.00849151611328125","84","84","84","0.01129913330078125","0.01082611083984375","0.01177215576171875","84","84","84","0.00699615478515625","0.00699615478515625","0.00699615478515625","84","84","84","0.0176239013671875","0.0133056640625","0.021942138671875"
"8299","85","85","85","0.01062774658203125","0.01031494140625","0.0109405517578125","85","85","85","0.009124755859375","0.009124755859375","0.009124755859375","85","85","85","0.010326385498046875","0.01020050048828125","0.0104522705078125","85","85","85","0.00737762451171875","0.00737762451171875","0.00737762451171875","85","85","85","0.016876220703125","0.014373779296875","0.019378662109375"
"8399","86","86","86","0.01120758056640625","0.010009765625","0.0124053955078125","86","86","86","0.008392333984375","0.008392333984375","0.008392333984375","86","86","86","0.014095306396484375","0.01355743408203125","0.0146331787109375","86","86","86","0.007793426513671875","0.007793426513671875","0.007793426513671875","86","86","86","0.015872955322265625","0.01395416259765625","0.017791748046875"
"8499","87","87","87","0.0098419189453125","0.00917816162109375","0.01050567626953125","87","87","87","0.0067901611328125","0.0067901611328125","0.0067901611328125","87","87","87","0.015094757080078125","0.01377105712890625","0.01641845703125","87","87","87","0.007015228271484375","0.007015228271484375","0.007015228271484375","87","87","87","0.013172149658203125","0.0130767822265625","0.01326751708984375"
"8599","88","88","88","0.009830474853515625","0.0084228515625","0.01123809814453125","88","88","88","0.00688934326171875","0.00688934326171875","0.00688934326171875","88","88","88","0.01141357421875","0.01009368896484375","0.01273345947265625","88","88","88","0.0120849609375","0.0120849609375","0.0120849609375","88","88","88","0.01570892333984375","0.015472412109375","0.0159454345703125"
"8699","89","89","89","0.01274871826171875","0.01132965087890625","0.01416778564453125","89","89","89","0.00635528564453125","0.00635528564453125","0.00635528564453125","89","89","89","0.013202667236328125","0.0128936767578125","0.01351165771484375","89","89","89","0.01245880126953125","0.01245880126953125","0.01245880126953125","89","89","89","0.014926910400390625","0.01251983642578125","0.017333984375"
"8799","90","90","90","0.011821746826171875","0.011260986328125","0.01238250732421875","90","90","90","0.00684356689453125","0.00684356689453125","0.00684356689453125","90","90","90","0.015045166015625","0.0142059326171875","0.0158843994140625","90","90","90","0.00859832763671875","0.00859832763671875","0.00859832763671875","90","90","90","0.017986297607421875","0.01461029052734375","0.0213623046875"
"8899","91","91","91","0.010410308837890625","0.00835418701171875","0.0124664306640625","91","91","91","0.00797271728515625","0.00797271728515625","0.00797271728515625","91","91","91","0.012905120849609375","0.01214599609375","0.01366424560546875","91","91","91","0.00827789306640625","0.00827789306640625","0.00827789306640625","91","91","91","0.01815032958984375","0.0167236328125","0.0195770263671875"
"8999","92","92","92","0.00878143310546875","0.00791168212890625","0.00965118408203125","92","92","92","0.007049560546875","0.007049560546875","0.007049560546875","92","92","92","0.010951995849609375","0.01073455810546875","0.01116943359375","92","92","92","0.00658416748046875","0.00658416748046875","0.00658416748046875","92","92","92","0.013965606689453125","0.01309967041015625","0.01483154296875"
"9099","93","93","93","0.013019561767578125","0.0119476318359375","0.01409149169921875","93","93","93","0.007564544677734375","0.007564544677734375","0.007564544677734375","93","93","93","0.0120849609375","0.0112457275390625","0.0129241943359375","93","93","93","0.00629425048828125","0.00629425048828125","0.00629425048828125","93","93","93","0.0137786865234375","0.01372528076171875","0.01383209228515625"
"9199","94","94","94","0.008411407470703125","0.0083465576171875","0.00847625732421875","94","94","94","0.00821685791015625","0.00821685791015625","0.00821685791015625","94","94","94","0.01103973388671875","0.01099395751953125","0.01108551025390625","94","94","94","0.0096435546875","0.0096435546875","0.0096435546875","94","94","94","0.015064239501953125","0.01424407958984375","0.0158843994140625"
"9299","95","95","95","0.011936187744140625","0.0088043212890625","0.01506805419921875","95","95","95","0.00875091552734375","0.00875091552734375","0.00875091552734375","95","95","95","0.01291656494140625","0.0121612548828125","0.013671875","95","95","95","0.0086517333984375","0.0086517333984375","0.0086517333984375","95","95","95","0.014041900634765625","0.01345062255859375","0.0146331787109375"
"9399","97","97","97","0.008699417114257812","0.007686614990234375","0.00971221923828125","97","97","97","0.006389617919921875","0.006389617919921875","0.006389617919921875","97","97","97","0.013591766357421875","0.013580322265625","0.01360321044921875","97","97","97","0.0085601806640625","0.0085601806640625","0.0085601806640625","97","97","97","0.012325286865234375","0.012115478515625","0.01253509521484375"
"9499","98","98","98","0.010295867919921875","0.008880615234375","0.01171112060546875","98","98","98","0.006244659423828125","0.006244659423828125","0.006244659423828125","98","98","98","0.009830474853515625","0.00846099853515625","0.011199951171875","98","98","98","0.010833740234375","0.010833740234375","0.010833740234375","98","98","98","0.014984130859375","0.01068115234375","0.019287109375"
"9599","99","99","99","0.008586883544921875","0.0076904296875","0.00948333740234375","99","99","99","0.00955963134765625","0.00955963134765625","0.00955963134765625","99","99","99","0.013057708740234375","0.012908935546875","0.01320648193359375","99","99","99","0.00531768798828125","0.00531768798828125","0.00531768798828125","99","99","99","0.012561798095703125","0.01166534423828125","0.013458251953125"
"9699","100","100","100","0.00916290283203125","0.00811004638671875","0.01021575927734375","100","100","100","0.00707244873046875","0.00707244873046875","0.00707244873046875","100","100","100","0.01174163818359375","0.01100921630859375","0.01247406005859375","100","100","100","0.007781982421875","0.007781982421875","0.007781982421875","100","100","100","0.01019287109375","0.009857177734375","0.010528564453125"
"9799","101","101","101","0.01317596435546875","0.0089263916015625","0.017425537109375","101","101","101","0.007694244384765625","0.007694244384765625","0.007694244384765625","101","101","101","0.010364532470703125","0.01033782958984375","0.0103912353515625","101","101","101","0.01206207275390625","0.01206207275390625","0.01206207275390625","101","101","101","0.012969970703125","0.01215362548828125","0.01378631591796875"
"9899","102","102","102","0.0108184814453125","0.00885009765625","0.012786865234375","102","102","102","0.00888824462890625","0.00888824462890625","0.00888824462890625","102","102","102","0.0104827880859375","0.010162353515625","0.01080322265625","102","102","102","0.0101318359375","0.0101318359375","0.0101318359375","102","102","102","0.0133819580078125","0.00994873046875","0.016815185546875"
"9999","103","103","103","0.012058258056640625","0.01122283935546875","0.0128936767578125","103","103","103","0.00919342041015625","0.00919342041015625","0.00919342041015625","103","103","103","0.011386871337890625","0.01125335693359375","0.0115203857421875","103","103","103","0.00832366943359375","0.00832366943359375","0.00832366943359375","103","103","103","0.01336669921875","0.012969970703125","0.013763427734375"
"10099","104","104","104","0.010601043701171875","0.01018524169921875","0.011016845703125","104","104","104","0.006961822509765625","0.006961822509765625","0.006961822509765625","104","104","104","0.010532379150390625","0.01039886474609375","0.0106658935546875","104","104","104","0.01056671142578125","0.01056671142578125","0.01056671142578125","104","104","104","0.012096405029296875","0.0115814208984375","0.01261138916015625"
"10199","105","105","105","0.01149749755859375","0.01139068603515625","0.01160430908203125","105","105","105","0.0064544677734375","0.0064544677734375","0.0064544677734375","105","105","105","0.011890411376953125","0.01107025146484375","0.0127105712890625","105","105","105","0.00954437255859375","0.00954437255859375","0.00954437255859375","105","105","105","0.013671875","0.01340484619140625","0.01393890380859375"
"10299","106","106","106","0.009222030639648438","0.007152557373046875","0.01129150390625","106","106","106","0.009124755859375","0.009124755859375","0.009124755859375","106","106","106","0.008869171142578125","0.00656890869140625","0.01116943359375","106","106","106","0.00902557373046875","0.00902557373046875","0.00902557373046875","106","106","106","0.0111541748046875","0.009765625","0.012542724609375"
"10399","107","107","107","0.01041412353515625","0.010406494140625","0.0104217529296875","107","107","107","0.01071929931640625","0.01071929931640625","0.01071929931640625","107","107","107","0.012874603271484375","0.01241302490234375","0.013336181640625","107","107","107","0.007354736328125","0.007354736328125","0.007354736328125","107","107","107","0.014232635498046875","0.00994110107421875","0.018524169921875"
"10499","108","108","108","0.0093994140625","0.00688934326171875","0.01190948486328125","108","108","108","0.005359649658203125","0.005359649658203125","0.005359649658203125","108","108","108","0.011196136474609375","0.01044464111328125","0.0119476318359375","108","108","108","0.006641387939453125","0.006641387939453125","0.006641387939453125","108","108","108","0.013824462890625","0.012847900390625","0.014801025390625"
"10599","109","109","109","0.009975433349609375","0.00975799560546875","0.01019287109375","109","109","109","0.00583648681640625","0.00583648681640625","0.00583648681640625","109","109","109","0.008966445922851562","0.007663726806640625","0.0102691650390625","109","109","109","0.0101318359375","0.0101318359375","0.0101318359375","109","109","109","0.015399932861328125","0.01500701904296875","0.0157928466796875"
"10699","110","110","110","0.008523941040039062","0.007564544677734375","0.00948333740234375","110","110","110","0.006053924560546875","0.006053924560546875","0.006053924560546875","110","110","110","0.009792327880859375","0.0084075927734375","0.01117706298828125","110","110","110","0.0085601806640625","0.0085601806640625","0.0085601806640625","110","110","110","0.012420654296875","0.01172637939453125","0.01311492919921875"
"10799","111","111","111","0.0101165771484375","0.00989532470703125","0.01033782958984375","111","111","111","0.0076141357421875","0.0076141357421875","0.0076141357421875","111","111","111","0.01214599609375","0.011810302734375","0.012481689453125","111","111","111","0.00804901123046875","0.00804901123046875","0.00804901123046875","111","111","111","0.0129852294921875","0.0106964111328125","0.0152740478515625"
"10899","112","112","112","0.008358001708984375","0.00797271728515625","0.0087432861328125","112","112","112","0.0067138671875","0.0067138671875","0.0067138671875","112","112","112","0.009815216064453125","0.00921630859375","0.01041412353515625","112","112","112","0.00913238525390625","0.00913238525390625","0.00913238525390625","112","112","112","0.012866973876953125","0.0121002197265625","0.01363372802734375"
"10999","113","113","113","0.007709503173828125","0.006622314453125","0.00879669189453125","113","113","113","0.013641357421875","0.013641357421875","0.013641357421875","113","113","113","0.013660430908203125","0.01113128662109375","0.0161895751953125","113","113","113","0.0107879638671875","0.0107879638671875","0.0107879638671875","113","113","113","0.0125885009765625","0.01187896728515625","0.01329803466796875"
"11099","114","114","114","0.008792877197265625","0.0065460205078125","0.01103973388671875","114","114","114","0.0165863037109375","0.0165863037109375","0.0165863037109375","114","114","114","0.01177215576171875","0.0110015869140625","0.012542724609375","114","114","114","0.010101318359375","0.010101318359375","0.010101318359375","114","114","114","0.01245880126953125","0.0115814208984375","0.013336181640625"
"11199","115","115","115","0.01125335693359375","0.0094146728515625","0.013092041015625","115","115","115","0.0105133056640625","0.0105133056640625","0.0105133056640625","115","115","115","0.016056060791015625","0.01248931884765625","0.019622802734375","115","115","115","0.00783538818359375","0.00783538818359375","0.00783538818359375","115","115","115","0.011768341064453125","0.01149749755859375","0.0120391845703125"
"11299","116","116","116","0.009454727172851562","0.006137847900390625","0.0127716064453125","116","116","116","0.007373809814453125","0.007373809814453125","0.007373809814453125","116","116","116","0.010059356689453125","0.009918212890625","0.01020050048828125","116","116","116","0.006946563720703125","0.006946563720703125","0.006946563720703125","116","116","116","0.0147705078125","0.0126190185546875","0.0169219970703125"
"11399","117","117","117","0.0103759765625","0.00696563720703125","0.01378631591796875","117","117","117","0.006969451904296875","0.006969451904296875","0.006969451904296875","117","117","117","0.009311676025390625","0.007965087890625","0.01065826416015625","117","117","117","0.0069427490234375","0.0069427490234375","0.0069427490234375","117","117","117","0.01276397705078125","0.01247406005859375","0.01305389404296875"
"11499","118","118","118","0.011417388916015625","0.01141357421875","0.01142120361328125","118","118","118","0.00600433349609375","0.00600433349609375","0.00600433349609375","118","118","118","0.01021575927734375","0.0094451904296875","0.010986328125","118","118","118","0.00882720947265625","0.00882720947265625","0.00882720947265625","118","118","118","0.015743255615234375","0.01537322998046875","0.01611328125"
"11599","119","119","119","0.011127471923828125","0.0101165771484375","0.01213836669921875","119","119","119","0.006145477294921875","0.006145477294921875","0.006145477294921875","119","119","119","0.010524749755859375","0.0093994140625","0.01165008544921875","119","119","119","0.00818634033203125","0.00818634033203125","0.00818634033203125","119","119","119","0.014400482177734375","0.01132965087890625","0.0174713134765625"
"11699","120","120","120","0.00864410400390625","0.00844573974609375","0.00884246826171875","120","120","120","0.0134735107421875","0.0134735107421875","0.0134735107421875","120","120","120","0.010562896728515625","0.00986480712890625","0.011260986328125","120","120","120","0.00824737548828125","0.00824737548828125","0.00824737548828125","120","120","120","0.011852264404296875","0.01151275634765625","0.0121917724609375"
"11799","122","122","122","0.009212493896484375","0.00879669189453125","0.0096282958984375","122","122","122","0.00760650634765625","0.00760650634765625","0.00760650634765625","122","122","122","0.010387420654296875","0.009063720703125","0.01171112060546875","122","122","122","0.006786346435546875","0.006786346435546875","0.006786346435546875","122","122","122","0.0131378173828125","0.01222991943359375","0.01404571533203125"
"11899","123","123","123","0.009490966796875","0.00799560546875","0.010986328125","123","123","123","0.0081939697265625","0.0081939697265625","0.0081939697265625","123","123","123","0.013763427734375","0.0134429931640625","0.0140838623046875","123","123","123","0.009857177734375","0.009857177734375","0.009857177734375","123","123","123","0.013263702392578125","0.01053619384765625","0.0159912109375"
"11999","124","124","124","0.0100860595703125","0.00972747802734375","0.01044464111328125","124","124","124","0.005092620849609375","0.005092620849609375","0.005092620849609375","124","124","124","0.009365081787109375","0.00910186767578125","0.0096282958984375","124","124","124","0.00774383544921875","0.00774383544921875","0.00774383544921875","124","124","124","0.010410308837890625","0.0093841552734375","0.01143646240234375"
"12099","125","125","125","0.00909423828125","0.00888824462890625","0.00930023193359375","125","125","125","0.0081634521484375","0.0081634521484375","0.0081634521484375","125","125","125","0.009548187255859375","0.007843017578125","0.01125335693359375","125","125","125","0.00878143310546875","0.00878143310546875","0.00878143310546875","125","125","125","0.01165771484375","0.01000213623046875","0.01331329345703125"
"12199","126","126","126","0.008632659912109375","0.0083770751953125","0.00888824462890625","126","126","126","0.00933074951171875","0.00933074951171875","0.00933074951171875","126","126","126","0.010711669921875","0.0101165771484375","0.0113067626953125","126","126","126","0.007740020751953125","0.007740020751953125","0.007740020751953125","126","126","126","0.01766204833984375","0.0164947509765625","0.018829345703125"
"12299","127","127","127","0.00960540771484375","0.0081024169921875","0.0111083984375","127","127","127","0.00809478759765625","0.00809478759765625","0.00809478759765625","127","127","127","0.00897216796875","0.00786590576171875","0.01007843017578125","127","127","127","0.007587432861328125","0.007587432861328125","0.007587432861328125","127","127","127","0.01348876953125","0.01335906982421875","0.01361846923828125"
"12399","128","128","128","0.00931549072265625","0.0072479248046875","0.011383056640625","128","128","128","0.00864410400390625","0.00864410400390625","0.00864410400390625","128","128","128","0.009899139404296875","0.0097808837890625","0.01001739501953125","128","128","128","0.00743865966796875","0.00743865966796875","0.00743865966796875","128","128","128","0.0158233642578125","0.0156402587890625","0.0160064697265625"
"12499","129","129","129","0.008424758911132812","0.007411956787109375","0.00943756103515625","129","129","129","0.0103302001953125","0.0103302001953125","0.0103302001953125","129","129","129","0.00897979736328125","0.00782012939453125","0.01013946533203125","129","129","129","0.0082244873046875","0.0082244873046875","0.0082244873046875","129","129","129","0.013004302978515625","0.01247406005859375","0.0135345458984375"
"12599","130","130","130","0.009525299072265625","0.00887298583984375","0.0101776123046875","130","130","130","0.0094757080078125","0.0094757080078125","0.0094757080078125","130","130","130","0.0111236572265625","0.00897979736328125","0.01326751708984375","130","130","130","0.009796142578125","0.009796142578125","0.009796142578125","130","130","130","0.011508941650390625","0.0111846923828125","0.01183319091796875"
"12699","131","131","131","0.008525848388671875","0.00829315185546875","0.008758544921875","131","131","131","0.0089263916015625","0.0089263916015625","0.0089263916015625","131","131","131","0.010162353515625","0.00983428955078125","0.01049041748046875","131","131","131","0.005908966064453125","0.005908966064453125","0.005908966064453125","131","131","131","0.02199554443359375","0.0146026611328125","0.029388427734375"
"12799","132","132","132","0.0072536468505859375","0.00713348388671875","0.007373809814453125","132","132","132","0.007038116455078125","0.007038116455078125","0.007038116455078125","132","132","132","0.012218475341796875","0.01097869873046875","0.013458251953125","132","132","132","0.009185791015625","0.009185791015625","0.009185791015625","132","132","132","0.013362884521484375","0.0111541748046875","0.01557159423828125"
"12899","133","133","133","0.00954437255859375","0.0089111328125","0.0101776123046875","133","133","133","0.00732421875","0.00732421875","0.00732421875","133","133","133","0.009145736694335938","0.007617950439453125","0.01067352294921875","133","133","133","0.00855255126953125","0.00855255126953125","0.00855255126953125","133","133","133","0.0142364501953125","0.01123046875","0.017242431640625"
"12999","134","134","134","0.008680343627929688","0.006359100341796875","0.0110015869140625","134","134","134","0.00852203369140625","0.00852203369140625","0.00852203369140625","134","134","134","0.010772705078125","0.00978851318359375","0.01175689697265625","134","134","134","0.00830078125","0.00830078125","0.00830078125","134","134","134","0.01369476318359375","0.01181793212890625","0.01557159423828125"
"13099","135","135","135","0.00786590576171875","0.007171630859375","0.0085601806640625","135","135","135","0.01345062255859375","0.01345062255859375","0.01345062255859375","135","135","135","0.009037017822265625","0.00794219970703125","0.0101318359375","135","135","135","0.00701904296875","0.00701904296875","0.00701904296875","135","135","135","0.0119171142578125","0.011627197265625","0.01220703125"
"13199","136","136","136","0.00977325439453125","0.00972747802734375","0.00981903076171875","136","136","136","0.006439208984375","0.006439208984375","0.006439208984375","136","136","136","0.01097869873046875","0.00952911376953125","0.01242828369140625","136","136","136","0.0092315673828125","0.0092315673828125","0.0092315673828125","136","136","136","0.012805938720703125","0.01207733154296875","0.0135345458984375"
"13299","137","137","137","0.008039474487304688","0.007640838623046875","0.0084381103515625","137","137","137","0.00469970703125","0.00469970703125","0.00469970703125","137","137","137","0.0103912353515625","0.00983428955078125","0.01094818115234375","137","137","137","0.00926971435546875","0.00926971435546875","0.00926971435546875","137","137","137","0.0127716064453125","0.011810302734375","0.01373291015625"
"13399","138","138","138","0.0076732635498046875","0.007198333740234375","0.008148193359375","138","138","138","0.005489349365234375","0.005489349365234375","0.005489349365234375","138","138","138","0.010753631591796875","0.00904083251953125","0.0124664306640625","138","138","138","0.00756072998046875","0.00756072998046875","0.00756072998046875","138","138","138","0.009258270263671875","0.0072174072265625","0.01129913330078125"
"13499","139","139","139","0.009021759033203125","0.0077667236328125","0.01027679443359375","139","139","139","0.00711822509765625","0.00711822509765625","0.00711822509765625","139","139","139","0.011074066162109375","0.01001739501953125","0.0121307373046875","139","139","139","0.00699615478515625","0.00699615478515625","0.00699615478515625","139","139","139","0.008937835693359375","0.00785064697265625","0.0100250244140625"
"13599","140","140","140","0.008352279663085938","0.007602691650390625","0.00910186767578125","140","140","140","0.00537872314453125","0.00537872314453125","0.00537872314453125","140","140","140","0.01052093505859375","0.009063720703125","0.0119781494140625","140","140","140","0.00701141357421875","0.00701141357421875","0.00701141357421875","140","140","140","0.009876251220703125","0.009521484375","0.01023101806640625"
"13699","141","141","141","0.0070323944091796875","0.006610870361328125","0.00745391845703125","141","141","141","0.0066680908203125","0.0066680908203125","0.0066680908203125","141","141","141","0.00960540771484375","0.00891876220703125","0.01029205322265625","141","141","141","0.006237030029296875","0.006237030029296875","0.006237030029296875","141","141","141","0.01337432861328125","0.011688232421875","0.0150604248046875"
"13799","142","142","142","0.007984161376953125","0.00604248046875","0.00992584228515625","142","142","142","0.00738525390625","0.00738525390625","0.00738525390625","142","142","142","0.009334564208984375","0.00885009765625","0.00981903076171875","142","142","142","0.00907135009765625","0.00907135009765625","0.00907135009765625","142","142","142","0.011051177978515625","0.01019287109375","0.01190948486328125"
"13899","143","143","143","0.008090972900390625","0.0073089599609375","0.00887298583984375","143","143","143","0.006481170654296875","0.006481170654296875","0.006481170654296875","143","143","143","0.01122283935546875","0.0105133056640625","0.011932373046875","143","143","143","0.00846099853515625","0.00846099853515625","0.00846099853515625","143","143","143","0.01139068603515625","0.01139068603515625","0.01139068603515625"
"13999","144","144","144","0.00716400146484375","0.00707244873046875","0.00725555419921875","144","144","144","0.00577545166015625","0.00577545166015625","0.00577545166015625","144","144","144","0.0103607177734375","0.0081787109375","0.012542724609375","144","144","144","0.00710296630859375","0.00710296630859375","0.00710296630859375","144","144","144","0.0112457275390625","0.00984954833984375","0.01264190673828125"
"14099","146","146","146","0.0086822509765625","0.0086822509765625","0.0086822509765625","146","146","146","0.007205963134765625","0.007205963134765625","0.007205963134765625","146","146","146","0.010875701904296875","0.0091552734375","0.01259613037109375","146","146","146","0.006710052490234375","0.006710052490234375","0.006710052490234375","146","146","146","0.01419830322265625","0.0111236572265625","0.01727294921875"
"14199","147","147","147","0.008319854736328125","0.0081787109375","0.00846099853515625","147","147","147","0.0066986083984375","0.0066986083984375","0.0066986083984375","147","147","147","0.011035919189453125","0.01068878173828125","0.011383056640625","147","147","147","0.006134033203125","0.006134033203125","0.006134033203125","147","147","147","0.01171875","0.00864410400390625","0.01479339599609375"
"14299","148","148","148","0.007175445556640625","0.00630950927734375","0.0080413818359375","148","148","148","0.00605010986328125","0.00605010986328125","0.00605010986328125","148","148","148","0.0103759765625","0.01033782958984375","0.01041412353515625","148","148","148","0.00740814208984375","0.00740814208984375","0.00740814208984375","148","148","148","0.012722015380859375","0.011749267578125","0.01369476318359375"
"14399","149","149","149","0.00882720947265625","0.00705718994140625","0.01059722900390625","149","149","149","0.005992889404296875","0.005992889404296875","0.005992889404296875","149","149","149","0.01117706298828125","0.01055145263671875","0.01180267333984375","149","149","149","0.00732421875","0.00732421875","0.00732421875","149","149","149","0.011016845703125","0.01025390625","0.01177978515625"
"14499","150","150","150","0.009014129638671875","0.0086212158203125","0.00940704345703125","150","150","150","0.0079803466796875","0.0079803466796875","0.0079803466796875","150","150","150","0.012714385986328125","0.011077880859375","0.01435089111328125","150","150","150","0.0099029541015625","0.0099029541015625","0.0099029541015625","150","150","150","0.010082244873046875","0.008941650390625","0.01122283935546875"
"14599","151","151","151","0.00894927978515625","0.0066680908203125","0.01123046875","151","151","151","0.009979248046875","0.009979248046875","0.009979248046875","151","151","151","0.013355255126953125","0.01064300537109375","0.0160675048828125","151","151","151","0.00806427001953125","0.00806427001953125","0.00806427001953125","151","151","151","0.00989532470703125","0.0095977783203125","0.01019287109375"
"14699","152","152","152","0.009311676025390625","0.0084228515625","0.01020050048828125","152","152","152","0.0066070556640625","0.0066070556640625","0.0066070556640625","152","152","152","0.009319305419921875","0.00830078125","0.01033782958984375","152","152","152","0.00902557373046875","0.00902557373046875","0.00902557373046875","152","152","152","0.013431549072265625","0.01340484619140625","0.013458251953125"
"14799","153","153","153","0.007568359375","0.007293701171875","0.007843017578125","153","153","153","0.00618743896484375","0.00618743896484375","0.00618743896484375","153","153","153","0.010713577270507812","0.007472991943359375","0.01395416259765625","153","153","153","0.00624847412109375","0.00624847412109375","0.00624847412109375","153","153","153","0.010204315185546875","0.00907135009765625","0.0113372802734375"
"14899","154","154","154","0.008007049560546875","0.00628662109375","0.00972747802734375","154","154","154","0.007373809814453125","0.007373809814453125","0.007373809814453125","154","154","154","0.008037567138671875","0.0071868896484375","0.00888824462890625","154","154","154","0.0094757080078125","0.0094757080078125","0.0094757080078125","154","154","154","0.012264251708984375","0.012054443359375","0.01247406005859375"
"14999","155","155","155","0.008115768432617188","0.007541656494140625","0.00868988037109375","155","155","155","0.0074462890625","0.0074462890625","0.0074462890625","155","155","155","0.009639739990234375","0.0083770751953125","0.01090240478515625","155","155","155","0.0078125","0.0078125","0.0078125","155","155","155","0.011600494384765625","0.01032257080078125","0.01287841796875"
"15099","156","156","156","0.009105682373046875","0.0074310302734375","0.01078033447265625","156","156","156","0.00543975830078125","0.00543975830078125","0.00543975830078125","156","156","156","0.010425567626953125","0.00942230224609375","0.0114288330078125","156","156","156","0.00791168212890625","0.00791168212890625","0.00791168212890625","156","156","156","0.01299285888671875","0.01053619384765625","0.01544952392578125"
"15199","157","157","157","0.008127212524414062","0.005298614501953125","0.010955810546875","157","157","157","0.00595855712890625","0.00595855712890625","0.00595855712890625","157","157","157","0.00934600830078125","0.009033203125","0.0096588134765625","157","157","157","0.005950927734375","0.005950927734375","0.005950927734375","157","157","157","0.011196136474609375","0.00942230224609375","0.012969970703125"
"15299","158","158","158","0.008134841918945312","0.007778167724609375","0.00849151611328125","158","158","158","0.004711151123046875","0.004711151123046875","0.004711151123046875","158","158","158","0.009860992431640625","0.00859832763671875","0.0111236572265625","158","158","158","0.006866455078125","0.006866455078125","0.006866455078125","158","158","158","0.0135498046875","0.01299285888671875","0.01410675048828125"
"15399","159","159","159","0.00913238525390625","0.00897216796875","0.0092926025390625","159","159","159","0.007503509521484375","0.007503509521484375","0.007503509521484375","159","159","159","0.0072383880615234375","0.00684356689453125","0.007633209228515625","159","159","159","0.00850677490234375","0.00850677490234375","0.00850677490234375","159","159","159","0.0122528076171875","0.0115966796875","0.012908935546875"
"15499","160","160","160","0.007907867431640625","0.00492095947265625","0.010894775390625","160","160","160","0.007770538330078125","0.007770538330078125","0.007770538330078125","160","160","160","0.009311676025390625","0.0092620849609375","0.00936126708984375","160","160","160","0.01378631591796875","0.01378631591796875","0.01378631591796875","160","160","160","0.010631561279296875","0.00948333740234375","0.01177978515625"
"15599","161","161","161","0.009368896484375","0.008209228515625","0.010528564453125","161","161","161","0.01010894775390625","0.01010894775390625","0.01010894775390625","161","161","161","0.009929656982421875","0.00867462158203125","0.0111846923828125","161","161","161","0.01003265380859375","0.01003265380859375","0.01003265380859375","161","161","161","0.013885498046875","0.01141357421875","0.016357421875"
"15699","162","162","162","0.0066509246826171875","0.006374359130859375","0.006927490234375","162","162","162","0.00580596923828125","0.00580596923828125","0.00580596923828125","162","162","162","0.01050567626953125","0.010223388671875","0.0107879638671875","162","162","162","0.00963592529296875","0.00963592529296875","0.00963592529296875","162","162","162","0.00974273681640625","0.0089569091796875","0.010528564453125"
"15799","163","163","163","0.007976531982421875","0.0064697265625","0.00948333740234375","163","163","163","0.0095062255859375","0.0095062255859375","0.0095062255859375","163","163","163","0.009429931640625","0.008697509765625","0.010162353515625","163","163","163","0.00728607177734375","0.00728607177734375","0.00728607177734375","163","163","163","0.012683868408203125","0.00997161865234375","0.0153961181640625"
"15899","164","164","164","0.010906219482421875","0.008941650390625","0.01287078857421875","164","164","164","0.006504058837890625","0.006504058837890625","0.006504058837890625","164","164","164","0.010913848876953125","0.01055145263671875","0.0112762451171875","164","164","164","0.00856781005859375","0.00856781005859375","0.00856781005859375","164","164","164","0.010639190673828125","0.00937652587890625","0.01190185546875"
"15999","165","165","165","0.0063934326171875","0.005428314208984375","0.007358551025390625","165","165","165","0.007442474365234375","0.007442474365234375","0.007442474365234375","165","165","165","0.009082794189453125","0.00872802734375","0.00943756103515625","165","165","165","0.00736236572265625","0.00736236572265625","0.00736236572265625","165","165","165","0.01216888427734375","0.01043701171875","0.0139007568359375"
"16099","166","166","166","0.008890151977539062","0.007198333740234375","0.01058197021484375","166","166","166","0.006137847900390625","0.006137847900390625","0.006137847900390625","166","166","166","0.009502410888671875","0.00829315185546875","0.010711669921875","166","166","166","0.007389068603515625","0.007389068603515625","0.007389068603515625","166","166","166","0.014270782470703125","0.01390838623046875","0.0146331787109375"
"16199","167","167","167","0.00951385498046875","0.0080718994140625","0.010955810546875","167","167","167","0.004291534423828125","0.004291534423828125","0.004291534423828125","167","167","167","0.010173797607421875","0.00998687744140625","0.0103607177734375","167","167","167","0.00630950927734375","0.00630950927734375","0.00630950927734375","167","167","167","0.010128021240234375","0.0087432861328125","0.01151275634765625"
"16299","168","168","168","0.0060253143310546875","0.00467681884765625","0.007373809814453125","168","168","168","0.0075836181640625","0.0075836181640625","0.0075836181640625","168","168","168","0.00982666015625","0.00977325439453125","0.00988006591796875","168","168","168","0.00965118408203125","0.00965118408203125","0.00965118408203125","168","168","168","0.01087188720703125","0.009124755859375","0.0126190185546875"
"16399","169","169","169","0.0068111419677734375","0.004894256591796875","0.00872802734375","169","169","169","0.006198883056640625","0.006198883056640625","0.006198883056640625","169","169","169","0.008001327514648438","0.007717132568359375","0.0082855224609375","169","169","169","0.006183624267578125","0.006183624267578125","0.006183624267578125","169","169","169","0.00862884521484375","0.007904052734375","0.0093536376953125"
"16499","171","171","171","0.00722503662109375","0.006641387939453125","0.007808685302734375","171","171","171","0.00611114501953125","0.00611114501953125","0.00611114501953125","171","171","171","0.0081939697265625","0.0075531005859375","0.0088348388671875","171","171","171","0.00882720947265625","0.00882720947265625","0.00882720947265625","171","171","171","0.011199951171875","0.01117706298828125","0.01122283935546875"
"16599","172","172","172","0.0073528289794921875","0.007068634033203125","0.00763702392578125","172","172","172","0.007183074951171875","0.007183074951171875","0.007183074951171875","172","172","172","0.0090179443359375","0.008392333984375","0.0096435546875","172","172","172","0.0074920654296875","0.0074920654296875","0.0074920654296875","172","172","172","0.0135345458984375","0.01214599609375","0.014923095703125"
"16699","173","173","173","0.0070095062255859375","0.006984710693359375","0.0070343017578125","173","173","173","0.00562286376953125","0.00562286376953125","0.00562286376953125","173","173","173","0.01012420654296875","0.0089263916015625","0.011322021484375","173","173","173","0.008270263671875","0.008270263671875","0.008270263671875","173","173","173","0.010501861572265625","0.00867462158203125","0.0123291015625"
"16799","174","174","174","0.009433746337890625","0.00920867919921875","0.0096588134765625","174","174","174","0.005023956298828125","0.005023956298828125","0.005023956298828125","174","174","174","0.00884246826171875","0.0085296630859375","0.0091552734375","174","174","174","0.00765228271484375","0.00765228271484375","0.00765228271484375","174","174","174","0.01808929443359375","0.015625","0.0205535888671875"
"16899","175","175","175","0.00823974609375","0.00780487060546875","0.00867462158203125","175","175","175","0.00780487060546875","0.00780487060546875","0.00780487060546875","175","175","175","0.0087890625","0.00855255126953125","0.00902557373046875","175","175","175","0.0074920654296875","0.0074920654296875","0.0074920654296875","175","175","175","0.01152801513671875","0.00940704345703125","0.01364898681640625"
"16999","176","176","176","0.008077621459960938","0.007419586181640625","0.00873565673828125","176","176","176","0.00798797607421875","0.00798797607421875","0.00798797607421875","176","176","176","0.00888824462890625","0.0085296630859375","0.009246826171875","176","176","176","0.00830078125","0.00830078125","0.00830078125","176","176","176","0.01031494140625","0.009918212890625","0.010711669921875"
"17099","177","177","177","0.007053375244140625","0.006885528564453125","0.007221221923828125","177","177","177","0.006458282470703125","0.006458282470703125","0.006458282470703125","177","177","177","0.009796142578125","0.00965118408203125","0.00994110107421875","177","177","177","0.006099700927734375","0.006099700927734375","0.006099700927734375","177","177","177","0.014347076416015625","0.014068603515625","0.01462554931640625"
"17199","178","178","178","0.008892059326171875","0.00658416748046875","0.011199951171875","178","178","178","0.00557708740234375","0.00557708740234375","0.00557708740234375","178","178","178","0.00931549072265625","0.0092620849609375","0.009368896484375","178","178","178","0.00698089599609375","0.00698089599609375","0.00698089599609375","178","178","178","0.011760711669921875","0.01041412353515625","0.0131072998046875"
"17299","179","179","179","0.008853912353515625","0.0077667236328125","0.00994110107421875","179","179","179","0.0062713623046875","0.0062713623046875","0.0062713623046875","179","179","179","0.00867462158203125","0.00787353515625","0.0094757080078125","179","179","179","0.00811767578125","0.00811767578125","0.00811767578125","179","179","179","0.014129638671875","0.0126800537109375","0.0155792236328125"
"17399","180","180","180","0.006320953369140625","0.0057525634765625","0.00688934326171875","180","180","180","0.00603485107421875","0.00603485107421875","0.00603485107421875","180","180","180","0.00778961181640625","0.00774383544921875","0.00783538818359375","180","180","180","0.007320404052734375","0.007320404052734375","0.007320404052734375","180","180","180","0.01142120361328125","0.00894927978515625","0.01389312744140625"
"17499","181","181","181","0.0076694488525390625","0.006496429443359375","0.00884246826171875","181","181","181","0.01033782958984375","0.01033782958984375","0.01033782958984375","181","181","181","0.009746551513671875","0.0096588134765625","0.00983428955078125","181","181","181","0.00640106201171875","0.00640106201171875","0.00640106201171875","181","181","181","0.011943817138671875","0.01117706298828125","0.0127105712890625"
"17599","182","182","182","0.007476806640625","0.00562286376953125","0.00933074951171875","182","182","182","0.0081939697265625","0.0081939697265625","0.0081939697265625","182","182","182","0.008943557739257812","0.007686614990234375","0.01020050048828125","182","182","182","0.007122039794921875","0.007122039794921875","0.007122039794921875","182","182","182","0.010009765625","0.00980377197265625","0.01021575927734375"
"17699","183","183","183","0.00803375244140625","0.00685882568359375","0.00920867919921875","183","183","183","0.0060577392578125","0.0060577392578125","0.0060577392578125","183","183","183","0.0074024200439453125","0.0072784423828125","0.007526397705078125","183","183","183","0.006679534912109375","0.006679534912109375","0.006679534912109375","183","183","183","0.009464263916015625","0.0087432861328125","0.01018524169921875"
"17799","184","184","184","0.00553131103515625","0.00494384765625","0.0061187744140625","184","184","184","0.00656890869140625","0.00656890869140625","0.00656890869140625","184","184","184","0.009540557861328125","0.0082855224609375","0.01079559326171875","184","184","184","0.006122589111328125","0.006122589111328125","0.006122589111328125","184","184","184","0.00954437255859375","0.00911712646484375","0.00997161865234375"
"17899","185","185","185","0.0077953338623046875","0.006923675537109375","0.0086669921875","185","185","185","0.004669189453125","0.004669189453125","0.004669189453125","185","185","185","0.00909423828125","0.00782012939453125","0.01036834716796875","185","185","185","0.011016845703125","0.011016845703125","0.011016845703125","185","185","185","0.00742340087890625","0.00576019287109375","0.00908660888671875"
"17999","186","186","186","0.007251739501953125","0.00555419921875","0.00894927978515625","186","186","186","0.00699615478515625","0.00699615478515625","0.00699615478515625","186","186","186","0.00861358642578125","0.00847625732421875","0.00875091552734375","186","186","186","0.006099700927734375","0.006099700927734375","0.006099700927734375","186","186","186","0.009555816650390625","0.00910186767578125","0.010009765625"
"18099","187","187","187","0.0087890625","0.00839996337890625","0.00917816162109375","187","187","187","0.006610870361328125","0.006610870361328125","0.006610870361328125","187","187","187","0.007457733154296875","0.0068206787109375","0.00809478759765625","187","187","187","0.005279541015625","0.005279541015625","0.005279541015625","187","187","187","0.01232147216796875","0.009796142578125","0.0148468017578125"
"18199","188","188","188","0.00885772705078125","0.00850677490234375","0.00920867919921875","188","188","188","0.00600433349609375","0.00600433349609375","0.00600433349609375","188","188","188","0.011287689208984375","0.01019287109375","0.01238250732421875","188","188","188","0.0072479248046875","0.0072479248046875","0.0072479248046875","188","188","188","0.011425018310546875","0.01080322265625","0.01204681396484375"
"18299","189","189","189","0.0072879791259765625","0.007160186767578125","0.007415771484375","189","189","189","0.007965087890625","0.007965087890625","0.007965087890625","189","189","189","0.008441925048828125","0.00843048095703125","0.008453369140625","189","189","189","0.00853729248046875","0.00853729248046875","0.00853729248046875","189","189","189","0.013980865478515625","0.012451171875","0.01551055908203125"
"18399","190","190","190","0.0072078704833984375","0.006511688232421875","0.007904052734375","190","190","190","0.00606536865234375","0.00606536865234375","0.00606536865234375","190","190","190","0.010318756103515625","0.0095062255859375","0.01113128662109375","190","190","190","0.006481170654296875","0.006481170654296875","0.006481170654296875","190","190","190","0.011280059814453125","0.0096893310546875","0.01287078857421875"
"18499","191","191","191","0.0075397491455078125","0.006687164306640625","0.008392333984375","191","191","191","0.01103973388671875","0.01103973388671875","0.01103973388671875","191","191","191","0.010242462158203125","0.00934600830078125","0.011138916015625","191","191","191","0.006824493408203125","0.006824493408203125","0.006824493408203125","191","191","191","0.010467529296875","0.00934600830078125","0.01158905029296875"
"18599","192","192","192","0.01116180419921875","0.0087432861328125","0.013580322265625","192","192","192","0.00763702392578125","0.00763702392578125","0.00763702392578125","192","192","192","0.00911712646484375","0.00885772705078125","0.00937652587890625","192","192","192","0.00551605224609375","0.00551605224609375","0.00551605224609375","192","192","192","0.009311676025390625","0.00843048095703125","0.01019287109375"
"18699","193","193","193","0.007534027099609375","0.00691986083984375","0.008148193359375","193","193","193","0.00506591796875","0.00506591796875","0.00506591796875","193","193","193","0.009288787841796875","0.00835418701171875","0.010223388671875","193","193","193","0.00711822509765625","0.00711822509765625","0.00711822509765625","193","193","193","0.009983062744140625","0.00959014892578125","0.0103759765625"
"18799","195","195","195","0.008153915405273438","0.007793426513671875","0.008514404296875","195","195","195","0.004901885986328125","0.004901885986328125","0.004901885986328125","195","195","195","0.0074977874755859375","0.006633758544921875","0.00836181640625","195","195","195","0.005512237548828125","0.005512237548828125","0.005512237548828125","195","195","195","0.01221466064453125","0.0113372802734375","0.013092041015625"
"18899","196","196","196","0.006900787353515625","0.00678253173828125","0.00701904296875","196","196","196","0.0055084228515625","0.0055084228515625","0.0055084228515625","196","196","196","0.009349822998046875","0.0088348388671875","0.00986480712890625","196","196","196","0.005054473876953125","0.005054473876953125","0.005054473876953125","196","196","196","0.01134490966796875","0.0100250244140625","0.012664794921875"
"18999","197","197","197","0.009063720703125","0.0063934326171875","0.0117340087890625","197","197","197","0.00774383544921875","0.00774383544921875","0.00774383544921875","197","197","197","0.0098419189453125","0.0091400146484375","0.0105438232421875","197","197","197","0.006732940673828125","0.006732940673828125","0.006732940673828125","197","197","197","0.00977325439453125","0.0095062255859375","0.010040283203125"
"19099","198","198","198","0.008916854858398438","0.007732391357421875","0.010101318359375","198","198","198","0.0049591064453125","0.0049591064453125","0.0049591064453125","198","198","198","0.0076541900634765625","0.006725311279296875","0.00858306884765625","198","198","198","0.00679779052734375","0.00679779052734375","0.00679779052734375","198","198","198","0.011943817138671875","0.0112457275390625","0.01264190673828125"
"19199","199","199","199","0.0072422027587890625","0.0067138671875","0.007770538330078125","199","199","199","0.0036220550537109375","0.0036220550537109375","0.0036220550537109375","199","199","199","0.0106353759765625","0.0097808837890625","0.0114898681640625","199","199","199","0.007152557373046875","0.007152557373046875","0.007152557373046875","199","199","199","0.008838653564453125","0.00820159912109375","0.0094757080078125"
"19299","200","200","200","0.009349822998046875","0.00933074951171875","0.009368896484375","200","200","200","0.00453948974609375","0.00453948974609375","0.00453948974609375","200","200","200","0.008602142333984375","0.00806427001953125","0.0091400146484375","200","200","200","0.00905609130859375","0.00905609130859375","0.00905609130859375","200","200","200","0.0099945068359375","0.0095367431640625","0.0104522705078125"
"19399","201","201","201","0.0074787139892578125","0.006893157958984375","0.00806427001953125","201","201","201","0.007198333740234375","0.007198333740234375","0.007198333740234375","201","201","201","0.0068454742431640625","0.005718231201171875","0.00797271728515625","201","201","201","0.00640869140625","0.00640869140625","0.00640869140625","201","201","201","0.00981903076171875","0.00937652587890625","0.01026153564453125"
"19499","202","202","202","0.008119583129882812","0.007312774658203125","0.0089263916015625","202","202","202","0.0059051513671875","0.0059051513671875","0.0059051513671875","202","202","202","0.008350372314453125","0.00827789306640625","0.0084228515625","202","202","202","0.00894927978515625","0.00894927978515625","0.00894927978515625","202","202","202","0.009540557861328125","0.008941650390625","0.01013946533203125"
"19599","203","203","203","0.006816864013671875","0.006378173828125","0.00725555419921875","203","203","203","0.005718231201171875","0.005718231201171875","0.005718231201171875","203","203","203","0.01030731201171875","0.00702667236328125","0.01358795166015625","203","203","203","0.00615692138671875","0.00615692138671875","0.00615692138671875","203","203","203","0.0093536376953125","0.0083465576171875","0.0103607177734375"
"19699","204","204","204","0.0089569091796875","0.00843048095703125","0.00948333740234375","204","204","204","0.0062103271484375","0.0062103271484375","0.0062103271484375","204","204","204","0.008876800537109375","0.00829315185546875","0.00946044921875","204","204","204","0.00733184814453125","0.00733184814453125","0.00733184814453125","204","204","204","0.01250457763671875","0.01082611083984375","0.01418304443359375"
"19799","205","205","205","0.0060482025146484375","0.00547027587890625","0.006626129150390625","205","205","205","0.0096282958984375","0.0096282958984375","0.0096282958984375","205","205","205","0.011089324951171875","0.00962066650390625","0.0125579833984375","205","205","205","0.00621795654296875","0.00621795654296875","0.00621795654296875","205","205","205","0.008947372436523438","0.007427215576171875","0.010467529296875"
"19899","206","206","206","0.008226394653320312","0.006908416748046875","0.00954437255859375","206","206","206","0.0085601806640625","0.0085601806640625","0.0085601806640625","206","206","206","0.008047103881835938","0.007022857666015625","0.00907135009765625","206","206","206","0.0079345703125","0.0079345703125","0.0079345703125","206","206","206","0.01078033447265625","0.00986480712890625","0.01169586181640625"
"19999","207","207","207","0.009914398193359375","0.0080108642578125","0.01181793212890625","207","207","207","0.004039764404296875","0.004039764404296875","0.004039764404296875","207","207","207","0.008930206298828125","0.00817108154296875","0.0096893310546875","207","207","207","0.009857177734375","0.009857177734375","0.009857177734375","207","207","207","0.010181427001953125","0.00832366943359375","0.0120391845703125"
"20099","208","208","208","0.00930023193359375","0.008331298828125","0.0102691650390625","208","208","208","0.005260467529296875","0.005260467529296875","0.005260467529296875","208","208","208","0.008047103881835938","0.006076812744140625","0.01001739501953125","208","208","208","0.00695037841796875","0.00695037841796875","0.00695037841796875","208","208","208","0.00878143310546875","0.00833892822265625","0.00922393798828125"
"20199","209","209","209","0.0069751739501953125","0.00676727294921875","0.007183074951171875","209","209","209","0.004291534423828125","0.004291534423828125","0.004291534423828125","209","209","209","0.009944915771484375","0.0097503662109375","0.01013946533203125","209","209","209","0.0059051513671875","0.0059051513671875","0.0059051513671875","209","209","209","0.010326385498046875","0.01007843017578125","0.0105743408203125"
"20299","210","210","210","0.0071392059326171875","0.006206512451171875","0.0080718994140625","210","210","210","0.00870513916015625","0.00870513916015625","0.00870513916015625","210","210","210","0.011631011962890625","0.0091400146484375","0.01412200927734375","210","210","210","0.0037384033203125","0.0037384033203125","0.0037384033203125","210","210","210","0.01151275634765625","0.00887298583984375","0.01415252685546875"
"20399","211","211","211","0.0069484710693359375","0.006862640380859375","0.0070343017578125","211","211","211","0.005153656005859375","0.005153656005859375","0.005153656005859375","211","211","211","0.00774383544921875","0.00772857666015625","0.00775909423828125","211","211","211","0.0068817138671875","0.0068817138671875","0.0068817138671875","211","211","211","0.011383056640625","0.00994110107421875","0.01282501220703125"
"20499","212","212","212","0.0075588226318359375","0.006145477294921875","0.00897216796875","212","212","212","0.006320953369140625","0.006320953369140625","0.006320953369140625","212","212","212","0.007694244384765625","0.007293701171875","0.00809478759765625","212","212","212","0.00778961181640625","0.00778961181640625","0.00778961181640625","212","212","212","0.011089324951171875","0.0080413818359375","0.01413726806640625"
"20599","213","213","213","0.0085906982421875","0.00848388671875","0.008697509765625","213","213","213","0.00571441650390625","0.00571441650390625","0.00571441650390625","213","213","213","0.008249282836914062","0.007747650146484375","0.00875091552734375","213","213","213","0.00904083251953125","0.00904083251953125","0.00904083251953125","213","213","213","0.009578704833984375","0.00949859619140625","0.0096588134765625"
"20699","214","214","214","0.00620269775390625","0.00473785400390625","0.00766754150390625","214","214","214","0.0050201416015625","0.0050201416015625","0.0050201416015625","214","214","214","0.0072727203369140625","0.006275177001953125","0.008270263671875","214","214","214","0.00592041015625","0.00592041015625","0.00592041015625","214","214","214","0.012813568115234375","0.0125274658203125","0.01309967041015625"
"20799","215","215","215","0.00530242919921875","0.00457763671875","0.0060272216796875","215","215","215","0.006011962890625","0.006011962890625","0.006011962890625","215","215","215","0.008932113647460938","0.007015228271484375","0.0108489990234375","215","215","215","0.005100250244140625","0.005100250244140625","0.005100250244140625","215","215","215","0.011829376220703125","0.0087890625","0.01486968994140625"
"20899","216","216","216","0.008480072021484375","0.0079498291015625","0.00901031494140625","216","216","216","0.0055084228515625","0.0055084228515625","0.0055084228515625","216","216","216","0.010702133178710938","0.006839752197265625","0.01456451416015625","216","216","216","0.007793426513671875","0.007793426513671875","0.007793426513671875","216","216","216","0.011203765869140625","0.008270263671875","0.01413726806640625"
"20999","217","217","217","0.0055675506591796875","0.005100250244140625","0.00603485107421875","217","217","217","0.0055084228515625","0.0055084228515625","0.0055084228515625","217","217","217","0.008054733276367188","0.007717132568359375","0.008392333984375","217","217","217","0.006839752197265625","0.006839752197265625","0.006839752197265625","217","217","217","0.008716583251953125","0.00791168212890625","0.009521484375"
"21099","218","218","218","0.00525665283203125","0.004131317138671875","0.006381988525390625","218","218","218","0.004680633544921875","0.004680633544921875","0.004680633544921875","218","218","218","0.00795745849609375","0.00794219970703125","0.00797271728515625","218","218","218","0.0068817138671875","0.0068817138671875","0.0068817138671875","218","218","218","0.010669708251953125","0.0101470947265625","0.01119232177734375"
"21199","220","220","220","0.00598907470703125","0.005306243896484375","0.006671905517578125","220","220","220","0.007183074951171875","0.007183074951171875","0.007183074951171875","220","220","220","0.0072460174560546875","0.00710296630859375","0.007389068603515625","220","220","220","0.0075531005859375","0.0075531005859375","0.0075531005859375","220","220","220","0.009174346923828125","0.00788116455078125","0.010467529296875"
"21299","221","221","221","0.0057353973388671875","0.005702972412109375","0.005767822265625","221","221","221","0.00794219970703125","0.00794219970703125","0.00794219970703125","221","221","221","0.009246826171875","0.0089263916015625","0.0095672607421875","221","221","221","0.0092010498046875","0.0092010498046875","0.0092010498046875","221","221","221","0.011272430419921875","0.01016998291015625","0.0123748779296875"
"21399","222","222","222","0.006591796875","0.005458831787109375","0.007724761962890625","222","222","222","0.004154205322265625","0.004154205322265625","0.004154205322265625","222","222","222","0.007709503173828125","0.00745391845703125","0.007965087890625","222","222","222","0.00708770751953125","0.00708770751953125","0.00708770751953125","222","222","222","0.009387969970703125","0.00897979736328125","0.009796142578125"
"21499","223","223","223","0.00847625732421875","0.00734710693359375","0.00960540771484375","223","223","223","0.0056610107421875","0.0056610107421875","0.0056610107421875","223","223","223","0.0061740875244140625","0.003856658935546875","0.00849151611328125","223","223","223","0.006969451904296875","0.006969451904296875","0.006969451904296875","223","223","223","0.008941650390625","0.007904052734375","0.009979248046875"
"21599","224","224","224","0.0081024169921875","0.0063629150390625","0.0098419189453125","224","224","224","0.00363922119140625","0.00363922119140625","0.00363922119140625","224","224","224","0.007541656494140625","0.00689697265625","0.00818634033203125","224","224","224","0.00843048095703125","0.00843048095703125","0.00843048095703125","224","224","224","0.009552001953125","0.0080413818359375","0.0110626220703125"
"21699","225","225","225","0.00829315185546875","0.005706787109375","0.0108795166015625","225","225","225","0.006656646728515625","0.006656646728515625","0.006656646728515625","225","225","225","0.0067043304443359375","0.005229949951171875","0.0081787109375","225","225","225","0.00815582275390625","0.00815582275390625","0.00815582275390625","225","225","225","0.0100555419921875","0.009552001953125","0.01055908203125"
"21799","226","226","226","0.0067234039306640625","0.005451202392578125","0.00799560546875","226","226","226","0.005565643310546875","0.005565643310546875","0.005565643310546875","226","226","226","0.009304046630859375","0.00901031494140625","0.0095977783203125","226","226","226","0.00655364990234375","0.00655364990234375","0.00655364990234375","226","226","226","0.009754180908203125","0.0095367431640625","0.00997161865234375"
"21899","227","227","227","0.0050716400146484375","0.00463104248046875","0.005512237548828125","227","227","227","0.00586700439453125","0.00586700439453125","0.00586700439453125","227","227","227","0.008016586303710938","0.006778717041015625","0.00925445556640625","227","227","227","0.00853729248046875","0.00853729248046875","0.00853729248046875","227","227","227","0.009944915771484375","0.00864410400390625","0.0112457275390625"
"21999","228","228","228","0.0073757171630859375","0.005985260009765625","0.00876617431640625","228","228","228","0.00623321533203125","0.00623321533203125","0.00623321533203125","228","228","228","0.0077075958251953125","0.006938934326171875","0.00847625732421875","228","228","228","0.0075225830078125","0.0075225830078125","0.0075225830078125","228","228","228","0.008785247802734375","0.00800323486328125","0.0095672607421875"
"22099","229","229","229","0.007274627685546875","0.006946563720703125","0.007602691650390625","229","229","229","0.00557708740234375","0.00557708740234375","0.00557708740234375","229","229","229","0.009159088134765625","0.0089263916015625","0.00939178466796875","229","229","229","0.007175445556640625","0.007175445556640625","0.007175445556640625","229","229","229","0.012847900390625","0.01088714599609375","0.01480865478515625"
"22199","230","230","230","0.0073719024658203125","0.007099151611328125","0.0076446533203125","230","230","230","0.00786590576171875","0.00786590576171875","0.00786590576171875","230","230","230","0.0071201324462890625","0.006305694580078125","0.0079345703125","230","230","230","0.00531768798828125","0.00531768798828125","0.00531768798828125","230","230","230","0.008611679077148438","0.007678985595703125","0.00954437255859375"
"22299","231","231","231","0.007038116455078125","0.0052337646484375","0.00884246826171875","231","231","231","0.006092071533203125","0.006092071533203125","0.006092071533203125","231","231","231","0.0074176788330078125","0.006061553955078125","0.0087738037109375","231","231","231","0.00942230224609375","0.00942230224609375","0.00942230224609375","231","231","231","0.010501861572265625","0.00860595703125","0.01239776611328125"
"22399","232","232","232","0.0076580047607421875","0.006649017333984375","0.0086669921875","232","232","232","0.00574493408203125","0.00574493408203125","0.00574493408203125","232","232","232","0.007221221923828125","0.00656890869140625","0.00787353515625","232","232","232","0.006683349609375","0.006683349609375","0.006683349609375","232","232","232","0.00862884521484375","0.00848388671875","0.0087738037109375"
"22499","233","233","233","0.0056934356689453125","0.00536346435546875","0.006023406982421875","233","233","233","0.00681304931640625","0.00681304931640625","0.00681304931640625","233","233","233","0.009105682373046875","0.00832366943359375","0.0098876953125","233","233","233","0.004467010498046875","0.004467010498046875","0.004467010498046875","233","233","233","0.011150360107421875","0.01055145263671875","0.011749267578125"
"22599","234","234","234","0.0068340301513671875","0.005481719970703125","0.00818634033203125","234","234","234","0.00589752197265625","0.00589752197265625","0.00589752197265625","234","234","234","0.010540008544921875","0.01015472412109375","0.01092529296875","234","234","234","0.007843017578125","0.007843017578125","0.007843017578125","234","234","234","0.011043548583984375","0.008453369140625","0.01363372802734375"
"22699","235","235","235","0.007946014404296875","0.0066680908203125","0.00922393798828125","235","235","235","0.005680084228515625","0.005680084228515625","0.005680084228515625","235","235","235","0.008625030517578125","0.00847625732421875","0.0087738037109375","235","235","235","0.005779266357421875","0.005779266357421875","0.005779266357421875","235","235","235","0.011463165283203125","0.0114593505859375","0.01146697998046875"
"22799","236","236","236","0.0068988800048828125","0.00628662109375","0.007511138916015625","236","236","236","0.005584716796875","0.005584716796875","0.005584716796875","236","236","236","0.0066013336181640625","0.005992889404296875","0.00720977783203125","236","236","236","0.006092071533203125","0.006092071533203125","0.006092071533203125","236","236","236","0.0113372802734375","0.01099395751953125","0.01168060302734375"
"22899","237","237","237","0.0060214996337890625","0.006015777587890625","0.0060272216796875","237","237","237","0.00399017333984375","0.00399017333984375","0.00399017333984375","237","237","237","0.011016845703125","0.01044464111328125","0.01158905029296875","237","237","237","0.0086517333984375","0.0086517333984375","0.0086517333984375","237","237","237","0.01218414306640625","0.01214599609375","0.0122222900390625"
"22999","238","238","238","0.0066089630126953125","0.004917144775390625","0.00830078125","238","238","238","0.00418853759765625","0.00418853759765625","0.00418853759765625","238","238","238","0.009792327880859375","0.00791168212890625","0.0116729736328125","238","238","238","0.006748199462890625","0.006748199462890625","0.006748199462890625","238","238","238","0.009723663330078125","0.00922393798828125","0.010223388671875"
"23099","239","239","239","0.004970550537109375","0.004230499267578125","0.005710601806640625","239","239","239","0.00489044189453125","0.00489044189453125","0.00489044189453125","239","239","239","0.008800506591796875","0.00868988037109375","0.0089111328125","239","239","239","0.0074615478515625","0.0074615478515625","0.0074615478515625","239","239","239","0.011638641357421875","0.01132965087890625","0.0119476318359375"
"23199","240","240","240","0.0067462921142578125","0.0061798095703125","0.007312774658203125","240","240","240","0.006023406982421875","0.006023406982421875","0.006023406982421875","240","240","240","0.007293701171875","0.00580596923828125","0.00878143310546875","240","240","240","0.006504058837890625","0.006504058837890625","0.006504058837890625","240","240","240","0.011646270751953125","0.00989532470703125","0.013397216796875"
"23299","241","241","241","0.0064029693603515625","0.005428314208984375","0.00737762451171875","241","241","241","0.00421142578125","0.00421142578125","0.00421142578125","241","241","241","0.00646209716796875","0.006103515625","0.0068206787109375","241","241","241","0.004970550537109375","0.004970550537109375","0.004970550537109375","241","241","241","0.0099029541015625","0.00955963134765625","0.01024627685546875"
"23399","242","242","242","0.0061511993408203125","0.0051727294921875","0.007129669189453125","242","242","242","0.005031585693359375","0.005031585693359375","0.005031585693359375","242","242","242","0.008592605590820312","0.007572174072265625","0.009613037109375","242","242","242","0.0076446533203125","0.0076446533203125","0.0076446533203125","242","242","242","0.010089874267578125","0.008758544921875","0.01142120361328125"